{"cameraMode":{"drawMode":0,"name":"Shaded","section":"Shading Mode"},"sceneLighting":true,"audioPlay":false,"sceneViewState":{"showFog":true,"showMaterialUpdate":false,"showSkybox":true,"showFlares":true,"showImageEffects":true,"showParticleSystems":true,"showVisualEffectGraphs":true,"m_FxEnabled":true},"in2DMode":false,"pivot":{"x":0.0016250895569100977,"y":1.5195002555847169,"z":15.465131759643555},"rotation":{"x":0.005690396763384342,"y":0.000597809674218297,"z":0.0000042045089685416318,"w":-0.9999872446060181},"size":5.887164115905762,"orthographic":false}