{"cameraMode":{"drawMode":0,"name":"Shaded","section":"Shading Mode"},"sceneLighting":true,"audioPlay":false,"sceneViewState":{"showFog":true,"showMaterialUpdate":false,"showSkybox":true,"showFlares":true,"showImageEffects":true,"showParticleSystems":true,"showVisualEffectGraphs":true,"m_FxEnabled":true},"in2DMode":false,"pivot":{"x":1.8359647989273072,"y":-845.1930541992188,"z":-192.94691467285157},"rotation":{"x":-0.0016857307637110353,"y":-0.7823958396911621,"z":0.6227917075157166,"w":-0.0021126570645719768},"size":450.34259033203127,"orthographic":false}